{
  "d5345d39adc3d02ffcaf8f15af49ab18" : {
    "statistic" : {
      "failed" : 0,
      "broken" : 0,
      "skipped" : 0,
      "passed" : 1,
      "unknown" : 0,
      "total" : 1
    },
    "items" : [ {
      "uid" : "7b539a9489a6b13",
      "status" : "passed",
      "time" : {
        "start" : 1614933260238,
        "stop" : 1614933261270,
        "duration" : 1032
      }
    } ]
  },
  "8174f8ecb1004db16679a852ff5f760a" : {
    "statistic" : {
      "failed" : 0,
      "broken" : 0,
      "skipped" : 0,
      "passed" : 1,
      "unknown" : 0,
      "total" : 1
    },
    "items" : [ {
      "uid" : "bde5f60efd28b31e",
      "status" : "passed",
      "time" : {
        "start" : 1614933260127,
        "stop" : 1614933260231,
        "duration" : 104
      }
    } ]
  }
}