{
  "uid" : "98d3104e051c652961429bf95fa0b5d6",
  "name" : "suites",
  "children" : [ {
    "name" : "test",
    "children" : [ {
      "name" : "test_api",
      "children" : [ {
        "name" : "进入会议列表",
        "uid" : "bde5f60efd28b31e",
        "parentUid" : "5ec56e5acb19289a654b41c9fccc3a4c",
        "status" : "passed",
        "time" : {
          "start" : 1614933260127,
          "stop" : 1614933260231,
          "duration" : 104
        },
        "flaky" : false,
        "parameters" : [ "['case_001', '进入会议列表', '/getMeetingList', '读', 'get', 'params', '', '{\"meeting_operate_type\":0,\"page\":1}', '', '{\"$.msg\":\"操作成功！\"}']" ]
      }, {
        "name" : "创建即时会议",
        "uid" : "7b539a9489a6b13",
        "parentUid" : "5ec56e5acb19289a654b41c9fccc3a4c",
        "status" : "passed",
        "time" : {
          "start" : 1614933260238,
          "stop" : 1614933261270,
          "duration" : 1032
        },
        "flaky" : false,
        "parameters" : [ "['case_002', '创建即时会议', '/createMeeting', '读', 'post', 'json', '', '{\"meeting_operate_type\":0,\"meeting_type\":1,\"meeting_theme\":\"api即时会议\",\"meeting_length\":1800,\"meeting_mode\":\"HD\"}', '', '{\"$.code\":200}']" ]
      } ],
      "uid" : "5ec56e5acb19289a654b41c9fccc3a4c"
    } ],
    "uid" : "ff2b04dbb9c449a4d40723f51d841925"
  } ]
}