{
  "uid" : "ab17fc5a4eb3bca4b216b548c7f9fcbc",
  "name" : "timeline",
  "children" : [ {
    "name" : "ThinkPadX1-Youga",
    "children" : [ {
      "name" : "24396-MainThread",
      "children" : [ {
        "name" : "创建即时会议",
        "uid" : "7b539a9489a6b13",
        "parentUid" : "d7e731840d2122c59ec2f57a41f12262",
        "status" : "passed",
        "time" : {
          "start" : 1614933260238,
          "stop" : 1614933261270,
          "duration" : 1032
        },
        "flaky" : false,
        "parameters" : [ "['case_002', '创建即时会议', '/createMeeting', '读', 'post', 'json', '', '{\"meeting_operate_type\":0,\"meeting_type\":1,\"meeting_theme\":\"api即时会议\",\"meeting_length\":1800,\"meeting_mode\":\"HD\"}', '', '{\"$.code\":200}']" ]
      }, {
        "name" : "进入会议列表",
        "uid" : "bde5f60efd28b31e",
        "parentUid" : "d7e731840d2122c59ec2f57a41f12262",
        "status" : "passed",
        "time" : {
          "start" : 1614933260127,
          "stop" : 1614933260231,
          "duration" : 104
        },
        "flaky" : false,
        "parameters" : [ "['case_001', '进入会议列表', '/getMeetingList', '读', 'get', 'params', '', '{\"meeting_operate_type\":0,\"page\":1}', '', '{\"$.msg\":\"操作成功！\"}']" ]
      } ],
      "uid" : "d7e731840d2122c59ec2f57a41f12262"
    } ],
    "uid" : "b8ed17ad670124fb53898a94ca5e6018"
  } ]
}